"id";"order_id";"meta_key";"meta_value"
"79";"1036";"is_vat_exempt";"no"
"80";"1036";"_billing_address_index";"Marlene mgreallyo@quantcast.com  Kota Pontianak, Jl. Sepakat I  Pontianak KB 78124 ID mgreallyo@quantcast.com "
"81";"1036";"_shipping_address_index";"Marlene mgreallyo@quantcast.com  Kota Pontianak, Jl. Sepakat I  Pontianak KB 78124 ID "
"82";"1036";"_wc_order_attribution_source_type";"typein"
"83";"1036";"_wc_order_attribution_utm_source";"(direct)"
"84";"1036";"_wc_order_attribution_session_entry";"https://datamininguntan.my.id/"
"85";"1036";"_wc_order_attribution_session_start_time";"2025-05-08 22:32:14"
"86";"1036";"_wc_order_attribution_session_pages";"9"
"87";"1036";"_wc_order_attribution_session_count";"1"
"88";"1036";"_wc_order_attribution_user_agent";"Mozilla/5.0 (Windows NT 10.0; Win64; x64) AppleWebKit/537.36 (KHTML, like Gecko) Chrome/135.0.0.0 Safari/537.36"
"89";"1036";"_wc_order_attribution_device_type";"Desktop"
"90";"1037";"is_vat_exempt";"no"
"91";"1037";"_billing_address_index";"Eberto Nern  Kota Kubu Raya  Pontianak KB 79121 ID enernp@weibo.com "
"92";"1037";"_shipping_address_index";"Eberto Nern  Kota Kubu Raya  Pontianak KB 79121 ID "
"93";"1037";"_wc_order_attribution_source_type";"typein"
"94";"1037";"_wc_order_attribution_utm_source";"(direct)"
"95";"1037";"_wc_order_attribution_session_entry";"https://datamininguntan.my.id/"
"96";"1037";"_wc_order_attribution_session_start_time";"2025-05-08 22:32:14"
"97";"1037";"_wc_order_attribution_session_pages";"20"
"98";"1037";"_wc_order_attribution_session_count";"1"
"99";"1037";"_wc_order_attribution_user_agent";"Mozilla/5.0 (Windows NT 10.0; Win64; x64) AppleWebKit/537.36 (KHTML, like Gecko) Chrome/135.0.0.0 Safari/537.36"
"100";"1037";"_wc_order_attribution_device_type";"Desktop"
"101";"1038";"is_vat_exempt";"no"
"102";"1038";"_billing_address_index";"Roma Langfat  Singkawang  Kota Singkawang KB 78124 ID rlangfatq@istockphoto.com "
"103";"1038";"_shipping_address_index";"Roma Langfat  Singkawang  Kota Singkawang KB 78124 ID "
"104";"1038";"_wc_order_attribution_source_type";"typein"
"105";"1038";"_wc_order_attribution_utm_source";"(direct)"
"106";"1038";"_wc_order_attribution_session_entry";"https://datamininguntan.my.id/"
"107";"1038";"_wc_order_attribution_session_start_time";"2025-05-08 22:32:14"
"108";"1038";"_wc_order_attribution_session_pages";"31"
"109";"1038";"_wc_order_attribution_session_count";"1"
"110";"1038";"_wc_order_attribution_user_agent";"Mozilla/5.0 (Windows NT 10.0; Win64; x64) AppleWebKit/537.36 (KHTML, like Gecko) Chrome/135.0.0.0 Safari/537.36"
"111";"1038";"_wc_order_attribution_device_type";"Desktop"
"112";"1039";"is_vat_exempt";"no"
"113";"1039";"_billing_address_index";"Alexandros Korneichik  Mempawah  Kota Mempawah KB 745121 ID akorneichikr@quantcast.com "
"114";"1039";"_shipping_address_index";"Alexandros Korneichik  Mempawah  Kota Mempawah KB 745121 ID "
"115";"1039";"_wc_order_attribution_source_type";"typein"
"116";"1039";"_wc_order_attribution_utm_source";"(direct)"
"117";"1039";"_wc_order_attribution_session_entry";"https://datamininguntan.my.id/"
"118";"1039";"_wc_order_attribution_session_start_time";"2025-05-08 22:32:14"
"119";"1039";"_wc_order_attribution_session_pages";"40"
"120";"1039";"_wc_order_attribution_session_count";"1"
"121";"1039";"_wc_order_attribution_user_agent";"Mozilla/5.0 (Windows NT 10.0; Win64; x64) AppleWebKit/537.36 (KHTML, like Gecko) Chrome/135.0.0.0 Safari/537.36"
"122";"1039";"_wc_order_attribution_device_type";"Desktop"
"123";"1040";"is_vat_exempt";"no"
"124";"1040";"_billing_address_index";"Giuseppe Gerard  Sintang  Kabupaten Sintang KB 65421 ID ggerards@instagram.com "
"125";"1040";"_shipping_address_index";"Giuseppe Gerard  Sintang  Kabupaten Sintang KB 65421 ID "
"126";"1040";"_wc_order_attribution_source_type";"typein"
"127";"1040";"_wc_order_attribution_utm_source";"(direct)"
"128";"1040";"_wc_order_attribution_session_entry";"https://datamininguntan.my.id/"
"129";"1040";"_wc_order_attribution_session_start_time";"2025-05-08 22:32:14"
"130";"1040";"_wc_order_attribution_session_pages";"50"
"131";"1040";"_wc_order_attribution_session_count";"1"
"132";"1040";"_wc_order_attribution_user_agent";"Mozilla/5.0 (Windows NT 10.0; Win64; x64) AppleWebKit/537.36 (KHTML, like Gecko) Chrome/135.0.0.0 Safari/537.36"
"133";"1040";"_wc_order_attribution_device_type";"Desktop"
"134";"1041";"is_vat_exempt";"no"
"135";"1041";"_billing_address_index";"Angelique Brosius  Jalan Demang Akub  Singkawang KB 78124 ID abrosiust@sun.com "
"136";"1041";"_shipping_address_index";"Angelique Brosius  Jalan Demang Akub  Singkawang KB 78124 ID "
"137";"1041";"_wc_order_attribution_source_type";"typein"
"138";"1041";"_wc_order_attribution_utm_source";"(direct)"
"139";"1041";"_wc_order_attribution_session_entry";"https://datamininguntan.my.id/"
"140";"1041";"_wc_order_attribution_session_start_time";"2025-05-08 22:32:14"
"141";"1041";"_wc_order_attribution_session_pages";"59"
"142";"1041";"_wc_order_attribution_session_count";"1"
"143";"1041";"_wc_order_attribution_user_agent";"Mozilla/5.0 (Windows NT 10.0; Win64; x64) AppleWebKit/537.36 (KHTML, like Gecko) Chrome/135.0.0.0 Safari/537.36"
"144";"1041";"_wc_order_attribution_device_type";"Desktop"
"145";"1042";"is_vat_exempt";"no"
"146";"1042";"_billing_address_index";"Jessy De Bell  Kota Pontianak, Jl. Sepakat II  Pontianak KB 78125 ID jdebellu@nationalgeographic.com "
"147";"1042";"_shipping_address_index";"Jessy De Bell  Kota Pontianak, Jl. Sepakat II  Pontianak KB 78125 ID "
"148";"1042";"_wc_order_attribution_source_type";"typein"
"149";"1042";"_wc_order_attribution_utm_source";"(direct)"
"150";"1042";"_wc_order_attribution_session_entry";"https://datamininguntan.my.id/"
"151";"1042";"_wc_order_attribution_session_start_time";"2025-05-08 22:32:14"
"152";"1042";"_wc_order_attribution_session_pages";"69"
"153";"1042";"_wc_order_attribution_session_count";"1"
"154";"1042";"_wc_order_attribution_user_agent";"Mozilla/5.0 (Windows NT 10.0; Win64; x64) AppleWebKit/537.36 (KHTML, like Gecko) Chrome/135.0.0.0 Safari/537.36"
"155";"1042";"_wc_order_attribution_device_type";"Desktop"
"156";"1043";"is_vat_exempt";"no"
"157";"1043";"_billing_address_index";"Lenna Seagrove  Kota Mempawah  Kota Mempawah KB 72121 ID lseagrovev@usa.gov "
"158";"1043";"_shipping_address_index";"Lenna Seagrove  Kota Mempawah  Kota Mempawah KB 72121 ID "
"159";"1043";"_wc_order_attribution_source_type";"typein"
"160";"1043";"_wc_order_attribution_utm_source";"(direct)"
"161";"1043";"_wc_order_attribution_session_entry";"https://datamininguntan.my.id/"
"162";"1043";"_wc_order_attribution_session_start_time";"2025-05-08 22:32:14"
"163";"1043";"_wc_order_attribution_session_pages";"79"
"164";"1043";"_wc_order_attribution_session_count";"1"
"165";"1043";"_wc_order_attribution_user_agent";"Mozilla/5.0 (Windows NT 10.0; Win64; x64) AppleWebKit/537.36 (KHTML, like Gecko) Chrome/135.0.0.0 Safari/537.36"
"166";"1043";"_wc_order_attribution_device_type";"Desktop"
"167";"1044";"is_vat_exempt";"no"
"168";"1044";"_billing_address_index";"Estelle Pieroni  Jalan Sungai Jawi  Kota Pontianak KB 78124 ID epieroniw@blogs.com "
"169";"1044";"_shipping_address_index";"Estelle Pieroni  Jalan Sungai Jawi  Kota Pontianak KB 78124 ID "
"170";"1044";"_wc_order_attribution_source_type";"typein"
"171";"1044";"_wc_order_attribution_utm_source";"(direct)"
"172";"1044";"_wc_order_attribution_session_entry";"https://datamininguntan.my.id/"
"173";"1044";"_wc_order_attribution_session_start_time";"2025-05-08 22:32:14"
"174";"1044";"_wc_order_attribution_session_pages";"89"
"175";"1044";"_wc_order_attribution_session_count";"1"
"176";"1044";"_wc_order_attribution_user_agent";"Mozilla/5.0 (Windows NT 10.0; Win64; x64) AppleWebKit/537.36 (KHTML, like Gecko) Chrome/135.0.0.0 Safari/537.36"
"177";"1044";"_wc_order_attribution_device_type";"Desktop"
"178";"1045";"is_vat_exempt";"no"
"179";"1045";"_billing_address_index";"Nady Veel  Kebayoran Baru  Jakarta Barat JK 9821 ID nveelx@123-reg.co.uk "
"180";"1045";"_shipping_address_index";"Nady Veel  Kebayoran Baru  Jakarta Barat JK 9821 ID "
"181";"1045";"_wc_order_attribution_source_type";"typein"
"182";"1045";"_wc_order_attribution_utm_source";"(direct)"
"183";"1045";"_wc_order_attribution_session_entry";"https://datamininguntan.my.id/"
"184";"1045";"_wc_order_attribution_session_start_time";"2025-05-08 22:32:14"
"185";"1045";"_wc_order_attribution_session_pages";"97"
"186";"1045";"_wc_order_attribution_session_count";"1"
"187";"1045";"_wc_order_attribution_user_agent";"Mozilla/5.0 (Windows NT 10.0; Win64; x64) AppleWebKit/537.36 (KHTML, like Gecko) Chrome/135.0.0.0 Safari/537.36"
"188";"1045";"_wc_order_attribution_device_type";"Desktop"
"189";"1046";"is_vat_exempt";"no"
"190";"1046";"_billing_address_index";"Dimitry Fasset  Jakarta Barat  Kota Jakarta JK 76817 ID dfassety@unicef.org "
"191";"1046";"_shipping_address_index";"Dimitry Fasset  Jakarta Barat  Kota Jakarta JK 76817 ID "
"192";"1046";"_wc_order_attribution_source_type";"typein"
"193";"1046";"_wc_order_attribution_utm_source";"(direct)"
"194";"1046";"_wc_order_attribution_session_entry";"https://datamininguntan.my.id/"
"195";"1046";"_wc_order_attribution_session_start_time";"2025-05-08 22:32:14"
"196";"1046";"_wc_order_attribution_session_pages";"106"
"197";"1046";"_wc_order_attribution_session_count";"1"
"198";"1046";"_wc_order_attribution_user_agent";"Mozilla/5.0 (Windows NT 10.0; Win64; x64) AppleWebKit/537.36 (KHTML, like Gecko) Chrome/135.0.0.0 Safari/537.36"
"199";"1046";"_wc_order_attribution_device_type";"Desktop"
"200";"1047";"is_vat_exempt";"no"
"201";"1047";"_billing_address_index";"Susann Langtry  Kota Singkawang  Kota Singkawang KB 76252 ID slangtryz@indiegogo.com "
"202";"1047";"_shipping_address_index";"Susann Langtry  Kota Singkawang  Kota Singkawang KB 76252 ID "
"203";"1047";"_wc_order_attribution_source_type";"typein"
"204";"1047";"_wc_order_attribution_utm_source";"(direct)"
"205";"1047";"_wc_order_attribution_session_entry";"https://datamininguntan.my.id/"
"206";"1047";"_wc_order_attribution_session_start_time";"2025-05-08 22:32:14"
"207";"1047";"_wc_order_attribution_session_pages";"115"
"208";"1047";"_wc_order_attribution_session_count";"1"
"209";"1047";"_wc_order_attribution_user_agent";"Mozilla/5.0 (Windows NT 10.0; Win64; x64) AppleWebKit/537.36 (KHTML, like Gecko) Chrome/135.0.0.0 Safari/537.36"
"210";"1047";"_wc_order_attribution_device_type";"Desktop"
"211";"1049";"is_vat_exempt";"no"
"212";"1049";"_billing_address_index";"Werner Buchanan  jalan panda  Pontianak KB 78111 ID wbuchanan0@reference.com "
"213";"1049";"_shipping_address_index";"Werner Buchanan  jalan panda  Pontianak KB 78111 ID "
"214";"1049";"_wc_order_attribution_source_type";"typein"
"215";"1049";"_wc_order_attribution_utm_source";"(direct)"
"216";"1049";"_wc_order_attribution_session_entry";"https://datamininguntan.my.id/"
"217";"1049";"_wc_order_attribution_session_start_time";"2025-05-07 08:05:43"
"218";"1049";"_wc_order_attribution_session_pages";"14"
"219";"1049";"_wc_order_attribution_session_count";"6"
"220";"1049";"_wc_order_attribution_user_agent";"Mozilla/5.0 (Windows NT 10.0; Win64; x64) AppleWebKit/537.36 (KHTML, like Gecko) Chrome/136.0.0.0 Safari/537.36"
"221";"1049";"_wc_order_attribution_device_type";"Desktop"
"222";"1050";"is_vat_exempt";"no"
"223";"1050";"_billing_address_index";"Abagael Cockin  jalan harimau  Pontianak KB 78112 ID acockin1@noaa.gov "
"224";"1050";"_shipping_address_index";"Abagael Cockin  jalan harimau  Pontianak KB 78112 ID "
"225";"1050";"_wc_order_attribution_source_type";"typein"
"226";"1050";"_wc_order_attribution_utm_source";"(direct)"
"227";"1050";"_wc_order_attribution_session_entry";"https://datamininguntan.my.id/"
"228";"1050";"_wc_order_attribution_session_start_time";"2025-05-07 08:05:43"
"229";"1050";"_wc_order_attribution_session_pages";"30"
"230";"1050";"_wc_order_attribution_session_count";"6"
"231";"1050";"_wc_order_attribution_user_agent";"Mozilla/5.0 (Windows NT 10.0; Win64; x64) AppleWebKit/537.36 (KHTML, like Gecko) Chrome/136.0.0.0 Safari/537.36"
"232";"1050";"_wc_order_attribution_device_type";"Desktop"
"233";"1051";"is_vat_exempt";"no"
"234";"1051";"_billing_address_index";"Rozanna Leng  jalan singa  Pontianak KB 78113 ID rleng2@accuweather.com "
"235";"1051";"_shipping_address_index";"Rozanna Leng  jalan singa  Pontianak KB 78113 ID "
"236";"1051";"_wc_order_attribution_source_type";"typein"
"237";"1051";"_wc_order_attribution_utm_source";"(direct)"
"238";"1051";"_wc_order_attribution_session_entry";"https://datamininguntan.my.id/"
"239";"1051";"_wc_order_attribution_session_start_time";"2025-05-07 08:05:43"
"240";"1051";"_wc_order_attribution_session_pages";"39"
"241";"1051";"_wc_order_attribution_session_count";"6"
"242";"1051";"_wc_order_attribution_user_agent";"Mozilla/5.0 (Windows NT 10.0; Win64; x64) AppleWebKit/537.36 (KHTML, like Gecko) Chrome/136.0.0.0 Safari/537.36"
"243";"1051";"_wc_order_attribution_device_type";"Desktop"
"244";"1052";"is_vat_exempt";"no"
"245";"1052";"_billing_address_index";"Kelcey Ziehms  jalan komodo  Pontianak KB 78114 ID kziehms3@msn.com "
"246";"1052";"_shipping_address_index";"Kelcey Ziehms  jalan komodo  Pontianak KB 78114 ID "
"247";"1052";"_wc_order_attribution_source_type";"typein"
"248";"1052";"_wc_order_attribution_utm_source";"(direct)"
"249";"1052";"_wc_order_attribution_session_entry";"https://datamininguntan.my.id/"
"250";"1052";"_wc_order_attribution_session_start_time";"2025-05-07 08:05:43"
"251";"1052";"_wc_order_attribution_session_pages";"46"
"252";"1052";"_wc_order_attribution_session_count";"6"
"253";"1052";"_wc_order_attribution_user_agent";"Mozilla/5.0 (Windows NT 10.0; Win64; x64) AppleWebKit/537.36 (KHTML, like Gecko) Chrome/136.0.0.0 Safari/537.36"
"254";"1052";"_wc_order_attribution_device_type";"Desktop"
"255";"1053";"is_vat_exempt";"no"
"256";"1053";"_billing_address_index";"Beryl Beckinsale  jalan kucing  Pontianak KB 78115 ID bbeckinsale4@vinaora.com "
"257";"1053";"_shipping_address_index";"Beryl Beckinsale  jalan kucing  Pontianak KB 78115 ID "
"258";"1053";"_wc_order_attribution_source_type";"typein"
"259";"1053";"_wc_order_attribution_utm_source";"(direct)"
"260";"1053";"_wc_order_attribution_session_entry";"https://datamininguntan.my.id/"
"261";"1053";"_wc_order_attribution_session_start_time";"2025-05-07 08:05:43"
"262";"1053";"_wc_order_attribution_session_pages";"54"
"263";"1053";"_wc_order_attribution_session_count";"6"
"264";"1053";"_wc_order_attribution_user_agent";"Mozilla/5.0 (Windows NT 10.0; Win64; x64) AppleWebKit/537.36 (KHTML, like Gecko) Chrome/136.0.0.0 Safari/537.36"
"265";"1053";"_wc_order_attribution_device_type";"Desktop"
"266";"1054";"is_vat_exempt";"no"
"267";"1054";"_billing_address_index";"Rollins Pascho  jalan kapibara  Pontianak KB 78116 ID rpascho5@jigsy.com "
"268";"1054";"_shipping_address_index";"Rollins Pascho  jalan kapibara  Pontianak KB 78116 ID "
"269";"1054";"_wc_order_attribution_source_type";"typein"
"270";"1054";"_wc_order_attribution_utm_source";"(direct)"
"271";"1054";"_wc_order_attribution_session_entry";"https://datamininguntan.my.id/"
"272";"1054";"_wc_order_attribution_session_start_time";"2025-05-07 08:05:43"
"273";"1054";"_wc_order_attribution_session_pages";"62"
"274";"1054";"_wc_order_attribution_session_count";"6"
"275";"1054";"_wc_order_attribution_user_agent";"Mozilla/5.0 (Windows NT 10.0; Win64; x64) AppleWebKit/537.36 (KHTML, like Gecko) Chrome/136.0.0.0 Safari/537.36"
"276";"1054";"_wc_order_attribution_device_type";"Desktop"
"277";"1055";"is_vat_exempt";"no"
"278";"1055";"_billing_address_index";"Nada Baudassi  jalan angsa  Pontianak KB 78117 ID nbaudassi6@virginia.edu "
"279";"1055";"_shipping_address_index";"Nada Baudassi  jalan angsa  Pontianak KB 78117 ID "
"280";"1055";"_wc_order_attribution_source_type";"typein"
"281";"1055";"_wc_order_attribution_utm_source";"(direct)"
"282";"1055";"_wc_order_attribution_session_entry";"https://datamininguntan.my.id/"
"283";"1055";"_wc_order_attribution_session_start_time";"2025-05-07 08:05:43"
"284";"1055";"_wc_order_attribution_session_pages";"70"
"285";"1055";"_wc_order_attribution_session_count";"6"
"286";"1055";"_wc_order_attribution_user_agent";"Mozilla/5.0 (Windows NT 10.0; Win64; x64) AppleWebKit/537.36 (KHTML, like Gecko) Chrome/136.0.0.0 Safari/537.36"
"287";"1055";"_wc_order_attribution_device_type";"Desktop"
"288";"1056";"is_vat_exempt";"no"
"289";"1056";"_billing_address_index";"Lorens McIlvoray  jalan ayam  Pontianak KB 78118 ID lmcilvoray7@eepurl.com "
"290";"1056";"_shipping_address_index";"Lorens McIlvoray  jalan ayam  Pontianak KB 78118 ID "
"291";"1056";"_wc_order_attribution_source_type";"typein"
"292";"1056";"_wc_order_attribution_utm_source";"(direct)"
"293";"1056";"_wc_order_attribution_session_entry";"https://datamininguntan.my.id/"
"294";"1056";"_wc_order_attribution_session_start_time";"2025-05-07 08:05:43"
"295";"1056";"_wc_order_attribution_session_pages";"79"
"296";"1056";"_wc_order_attribution_session_count";"6"
"297";"1056";"_wc_order_attribution_user_agent";"Mozilla/5.0 (Windows NT 10.0; Win64; x64) AppleWebKit/537.36 (KHTML, like Gecko) Chrome/136.0.0.0 Safari/537.36"
"298";"1056";"_wc_order_attribution_device_type";"Desktop"
"299";"1057";"is_vat_exempt";"no"
"300";"1057";"_billing_address_index";"Hinda Kemston  jalan gatau  Pontianak KB 78119 ID hkemston8@deviantart.com "
"301";"1057";"_shipping_address_index";"Hinda Kemston  jalan gatau  Pontianak KB 78119 ID "
"302";"1057";"_wc_order_attribution_source_type";"typein"
"303";"1057";"_wc_order_attribution_utm_source";"(direct)"
"304";"1057";"_wc_order_attribution_session_entry";"https://datamininguntan.my.id/"
"305";"1057";"_wc_order_attribution_session_start_time";"2025-05-07 08:05:43"
"306";"1057";"_wc_order_attribution_session_pages";"88"
"307";"1057";"_wc_order_attribution_session_count";"6"
"308";"1057";"_wc_order_attribution_user_agent";"Mozilla/5.0 (Windows NT 10.0; Win64; x64) AppleWebKit/537.36 (KHTML, like Gecko) Chrome/136.0.0.0 Safari/537.36"
"309";"1057";"_wc_order_attribution_device_type";"Desktop"
"310";"1058";"is_vat_exempt";"no"
"311";"1058";"_billing_address_index";"Dinnie Tambling  jalan jalan ya  Pontianak KB 78110 ID dtambling9@over-blog.com "
"312";"1058";"_shipping_address_index";"Dinnie Tambling  jalan jalan ya  Pontianak KB 78110 ID "
"313";"1058";"_wc_order_attribution_source_type";"typein"
"314";"1058";"_wc_order_attribution_utm_source";"(direct)"
"315";"1058";"_wc_order_attribution_session_entry";"https://datamininguntan.my.id/"
"316";"1058";"_wc_order_attribution_session_start_time";"2025-05-07 08:05:43"
"317";"1058";"_wc_order_attribution_session_pages";"96"
"318";"1058";"_wc_order_attribution_session_count";"6"
"319";"1058";"_wc_order_attribution_user_agent";"Mozilla/5.0 (Windows NT 10.0; Win64; x64) AppleWebKit/537.36 (KHTML, like Gecko) Chrome/136.0.0.0 Safari/537.36"
"320";"1058";"_wc_order_attribution_device_type";"Desktop"
"321";"1059";"is_vat_exempt";"no"
"322";"1059";"_billing_address_index";"Omero Bockh  jalan yayaya  Pontianak KB 71110 ID obockha@msn.com "
"323";"1059";"_shipping_address_index";"Omero Bockh  jalan yayaya  Pontianak KB 71110 ID "
"324";"1059";"_wc_order_attribution_source_type";"typein"
"325";"1059";"_wc_order_attribution_utm_source";"(direct)"
"326";"1059";"_wc_order_attribution_session_entry";"https://datamininguntan.my.id/"
"327";"1059";"_wc_order_attribution_session_start_time";"2025-05-07 08:05:43"
"328";"1059";"_wc_order_attribution_session_pages";"105"
"329";"1059";"_wc_order_attribution_session_count";"6"
"330";"1059";"_wc_order_attribution_user_agent";"Mozilla/5.0 (Windows NT 10.0; Win64; x64) AppleWebKit/537.36 (KHTML, like Gecko) Chrome/136.0.0.0 Safari/537.36"
"331";"1059";"_wc_order_attribution_device_type";"Desktop"
"332";"1060";"is_vat_exempt";"no"
"333";"1060";"_billing_address_index";"Keefe Dymott  jalan maukemana  Pontianak KB 72110 ID kdymottb@chicagotribune.com "
"334";"1060";"_shipping_address_index";"Keefe Dymott  jalan maukemana  Pontianak KB 72110 ID "
"335";"1060";"_wc_order_attribution_source_type";"typein"
"336";"1060";"_wc_order_attribution_utm_source";"(direct)"
"337";"1060";"_wc_order_attribution_session_entry";"https://datamininguntan.my.id/"
"338";"1060";"_wc_order_attribution_session_start_time";"2025-05-07 08:05:43"
"339";"1060";"_wc_order_attribution_session_pages";"112"
"340";"1060";"_wc_order_attribution_session_count";"6"
"341";"1060";"_wc_order_attribution_user_agent";"Mozilla/5.0 (Windows NT 10.0; Win64; x64) AppleWebKit/537.36 (KHTML, like Gecko) Chrome/136.0.0.0 Safari/537.36"
"342";"1060";"_wc_order_attribution_device_type";"Desktop"
"343";"1068";"is_vat_exempt";"no"
"344";"1068";"_billing_address_index";"Davine Grindley  Jl. Kenanga No. 123, Blok B  Bandung JB 40123 ID dgrindley20@usatoday.com "
"345";"1068";"_shipping_address_index";"Davine Grindley  Jl. Kenanga No. 123, Blok B  Bandung JB 40123 ID "
"346";"1068";"_wc_order_attribution_source_type";"typein"
"347";"1068";"_wc_order_attribution_utm_source";"(direct)"
"348";"1068";"_wc_order_attribution_session_entry";"https://datamininguntan.my.id/"
"349";"1068";"_wc_order_attribution_session_start_time";"2025-05-09 15:19:56"
"350";"1068";"_wc_order_attribution_session_pages";"10"
"351";"1068";"_wc_order_attribution_session_count";"1"
"352";"1068";"_wc_order_attribution_user_agent";"Mozilla/5.0 (Windows NT 10.0; Win64; x64) AppleWebKit/537.36 (KHTML, like Gecko) Chrome/136.0.0.0 Safari/537.36"
"353";"1068";"_wc_order_attribution_device_type";"Desktop"
"354";"1069";"is_vat_exempt";"no"
"355";"1069";"_billing_address_index";"Natividad Cloake  Jl. Melati No. 45 RT 02 RW 04  Yogyakarta YO 55281 ID ncloake21@sakura.ne.jp "
"356";"1069";"_shipping_address_index";"Natividad Cloake  Jl. Melati No. 45 RT 02 RW 04  Yogyakarta YO 55281 ID "
"357";"1069";"_wc_order_attribution_source_type";"typein"
"358";"1069";"_wc_order_attribution_utm_source";"(direct)"
"359";"1069";"_wc_order_attribution_session_entry";"https://datamininguntan.my.id/"
"360";"1069";"_wc_order_attribution_session_start_time";"2025-05-09 15:19:56"
"361";"1069";"_wc_order_attribution_session_pages";"27"
"362";"1069";"_wc_order_attribution_session_count";"1"
"363";"1069";"_wc_order_attribution_user_agent";"Mozilla/5.0 (Windows NT 10.0; Win64; x64) AppleWebKit/537.36 (KHTML, like Gecko) Chrome/136.0.0.0 Safari/537.36"
"364";"1069";"_wc_order_attribution_device_type";"Desktop"
"365";"1070";"is_vat_exempt";"no"
"366";"1070";"_billing_address_index";"Skelly Gallegos  Jl. Merdeka Barat No. 10  Jakarta Pusat JK 10110 ID sgallegos22@godaddy.com "
"367";"1070";"_shipping_address_index";"Skelly Gallegos  Jl. Merdeka Barat No. 10  Jakarta Pusat JK 10110 ID "
"368";"1070";"_wc_order_attribution_source_type";"typein"
"369";"1070";"_wc_order_attribution_utm_source";"(direct)"
"370";"1070";"_wc_order_attribution_session_entry";"https://datamininguntan.my.id/"
"371";"1070";"_wc_order_attribution_session_start_time";"2025-05-09 15:19:56"
"372";"1070";"_wc_order_attribution_session_pages";"37"
"373";"1070";"_wc_order_attribution_session_count";"1"
"374";"1070";"_wc_order_attribution_user_agent";"Mozilla/5.0 (Windows NT 10.0; Win64; x64) AppleWebKit/537.36 (KHTML, like Gecko) Chrome/136.0.0.0 Safari/537.36"
"375";"1070";"_wc_order_attribution_device_type";"Desktop"
"376";"1071";"is_vat_exempt";"no"
"377";"1071";"_billing_address_index";"Randi Whatham  Perumahan Griya Asri Blok D3 No. 12  Bekasi JB 17145 ID rwhatham23@ted.com "
"378";"1071";"_shipping_address_index";"Randi Whatham  Perumahan Griya Asri Blok D3 No. 12  Bekasi JB 17145 ID "
"379";"1071";"_wc_order_attribution_source_type";"typein"
"380";"1071";"_wc_order_attribution_utm_source";"(direct)"
"381";"1071";"_wc_order_attribution_session_entry";"https://datamininguntan.my.id/"
"382";"1071";"_wc_order_attribution_session_start_time";"2025-05-09 15:19:56"
"383";"1071";"_wc_order_attribution_session_pages";"46"
"384";"1071";"_wc_order_attribution_session_count";"1"
"385";"1071";"_wc_order_attribution_user_agent";"Mozilla/5.0 (Windows NT 10.0; Win64; x64) AppleWebKit/537.36 (KHTML, like Gecko) Chrome/136.0.0.0 Safari/537.36"
"386";"1071";"_wc_order_attribution_device_type";"Desktop"
"387";"1072";"is_vat_exempt";"no"
"388";"1072";"_billing_address_index";"Swen Wittman  Jl. Diponegoro No. 88  Surabaya JI 602665 ID swittman24@aol.com "
"389";"1072";"_shipping_address_index";"Swen Wittman  Jl. Diponegoro No. 88  Surabaya JI 602665 ID "
"390";"1072";"_wc_order_attribution_source_type";"typein"
"391";"1072";"_wc_order_attribution_utm_source";"(direct)"
"392";"1072";"_wc_order_attribution_session_entry";"https://datamininguntan.my.id/"
"393";"1072";"_wc_order_attribution_session_start_time";"2025-05-09 15:19:56"
"394";"1072";"_wc_order_attribution_session_pages";"56"
"395";"1072";"_wc_order_attribution_session_count";"1"
"396";"1072";"_wc_order_attribution_user_agent";"Mozilla/5.0 (Windows NT 10.0; Win64; x64) AppleWebKit/537.36 (KHTML, like Gecko) Chrome/136.0.0.0 Safari/537.36"
"397";"1072";"_wc_order_attribution_device_type";"Desktop"
"398";"1073";"is_vat_exempt";"no"
"399";"1073";"_billing_address_index";"Ambrosius Beall  Komplek Anggrek Lestari Blok A No. 7  Medan SU 201551 ID abeall25@mtv.com "
"400";"1073";"_shipping_address_index";"Ambrosius Beall  Komplek Anggrek Lestari Blok A No. 7  Medan SU 201551 ID "
"401";"1073";"_wc_order_attribution_source_type";"typein"
"402";"1073";"_wc_order_attribution_utm_source";"(direct)"
"403";"1073";"_wc_order_attribution_session_entry";"https://datamininguntan.my.id/"
"404";"1073";"_wc_order_attribution_session_start_time";"2025-05-09 15:19:56"
"405";"1073";"_wc_order_attribution_session_pages";"65"
"406";"1073";"_wc_order_attribution_session_count";"1"
"407";"1073";"_wc_order_attribution_user_agent";"Mozilla/5.0 (Windows NT 10.0; Win64; x64) AppleWebKit/537.36 (KHTML, like Gecko) Chrome/136.0.0.0 Safari/537.36"
"408";"1073";"_wc_order_attribution_device_type";"Desktop"
"409";"1074";"is_vat_exempt";"no"
"410";"1074";"_billing_address_index";"Liza Gambell  Jl. Kamboja No. 22  Semarang JT 50145 ID lgambell26@nih.gov "
"411";"1074";"_shipping_address_index";"Liza Gambell  Jl. Kamboja No. 22  Semarang JT 50145 ID "
"412";"1074";"_wc_order_attribution_source_type";"typein"
"413";"1074";"_wc_order_attribution_utm_source";"(direct)"
"414";"1074";"_wc_order_attribution_session_entry";"https://datamininguntan.my.id/"
"415";"1074";"_wc_order_attribution_session_start_time";"2025-05-09 15:19:56"
"416";"1074";"_wc_order_attribution_session_pages";"73"
"417";"1074";"_wc_order_attribution_session_count";"1"
"418";"1074";"_wc_order_attribution_user_agent";"Mozilla/5.0 (Windows NT 10.0; Win64; x64) AppleWebKit/537.36 (KHTML, like Gecko) Chrome/136.0.0.0 Safari/537.36"
"419";"1074";"_wc_order_attribution_device_type";"Desktop"
"420";"1075";"is_vat_exempt";"no"
"421";"1075";"_billing_address_index";"Danyelle Brideaux  Gg. Haji Muchtar No. 9  Depok JB 16412 ID dbrideaux27@mit.edu "
"422";"1075";"_shipping_address_index";"Danyelle Brideaux  Gg. Haji Muchtar No. 9  Depok JB 16412 ID "
"423";"1075";"_wc_order_attribution_source_type";"typein"
"424";"1075";"_wc_order_attribution_utm_source";"(direct)"
"425";"1075";"_wc_order_attribution_session_entry";"https://datamininguntan.my.id/"
"426";"1075";"_wc_order_attribution_session_start_time";"2025-05-09 15:19:56"
"427";"1075";"_wc_order_attribution_session_pages";"83"
"428";"1075";"_wc_order_attribution_session_count";"1"
"429";"1075";"_wc_order_attribution_user_agent";"Mozilla/5.0 (Windows NT 10.0; Win64; x64) AppleWebKit/537.36 (KHTML, like Gecko) Chrome/136.0.0.0 Safari/537.36"
"430";"1075";"_wc_order_attribution_device_type";"Desktop"
"431";"1076";"is_vat_exempt";"no"
"432";"1076";"_billing_address_index";"Stillman Schapiro  Jl. Dr. Wahidin Sudirohusodo No. 5  Makassar SN 90113 ID sschapiro28@amazon.com "
"433";"1076";"_shipping_address_index";"Stillman Schapiro  Jl. Dr. Wahidin Sudirohusodo No. 5  Makassar SN 90113 ID "
"434";"1076";"_wc_order_attribution_source_type";"typein"
"435";"1076";"_wc_order_attribution_utm_source";"(direct)"
"436";"1076";"_wc_order_attribution_session_entry";"https://datamininguntan.my.id/"
"437";"1076";"_wc_order_attribution_session_start_time";"2025-05-09 15:19:56"
"438";"1076";"_wc_order_attribution_session_pages";"92"
"439";"1076";"_wc_order_attribution_session_count";"1"
"440";"1076";"_wc_order_attribution_user_agent";"Mozilla/5.0 (Windows NT 10.0; Win64; x64) AppleWebKit/537.36 (KHTML, like Gecko) Chrome/136.0.0.0 Safari/537.36"
"441";"1076";"_wc_order_attribution_device_type";"Desktop"
"442";"1077";"is_vat_exempt";"no"
"443";"1077";"_billing_address_index";"Brandise Ochterlony  Komplek Puri Indah Blok C No. 8  Tangerang Selatan BT 15310 ID bochterlony29@amazon.com "
"444";"1077";"_shipping_address_index";"Brandise Ochterlony  Komplek Puri Indah Blok C No. 8  Tangerang Selatan BT 15310 ID "
"445";"1077";"_wc_order_attribution_source_type";"typein"
"446";"1077";"_wc_order_attribution_utm_source";"(direct)"
"447";"1077";"_wc_order_attribution_session_entry";"https://datamininguntan.my.id/"
"448";"1077";"_wc_order_attribution_session_start_time";"2025-05-09 15:19:56"
"449";"1077";"_wc_order_attribution_session_pages";"101"
"450";"1077";"_wc_order_attribution_session_count";"1"
"451";"1077";"_wc_order_attribution_user_agent";"Mozilla/5.0 (Windows NT 10.0; Win64; x64) AppleWebKit/537.36 (KHTML, like Gecko) Chrome/136.0.0.0 Safari/537.36"
"452";"1077";"_wc_order_attribution_device_type";"Desktop"
"453";"1078";"is_vat_exempt";"no"
"454";"1078";"_billing_address_index";"Cornelius Urvoy  Jl. Veteran No. 33  Malang JI 65145 ID curvoy2a@ezinearticles.com "
"455";"1078";"_shipping_address_index";"Cornelius Urvoy  Jl. Veteran No. 33  Malang JI 65145 ID "
"456";"1078";"_wc_order_attribution_source_type";"typein"
"457";"1078";"_wc_order_attribution_utm_source";"(direct)"
"458";"1078";"_wc_order_attribution_session_entry";"https://datamininguntan.my.id/"
"459";"1078";"_wc_order_attribution_session_start_time";"2025-05-09 15:19:56"
"460";"1078";"_wc_order_attribution_session_pages";"110"
"461";"1078";"_wc_order_attribution_session_count";"1"
"462";"1078";"_wc_order_attribution_user_agent";"Mozilla/5.0 (Windows NT 10.0; Win64; x64) AppleWebKit/537.36 (KHTML, like Gecko) Chrome/136.0.0.0 Safari/537.36"
"463";"1078";"_wc_order_attribution_device_type";"Desktop"
"464";"1079";"is_vat_exempt";"no"
"465";"1079";"_billing_address_index";"Vere Prozescky  Jl. Letjen Suprapto No. 20  Pontianak KB 78111 ID vprozescky2b@toplist.cz "
"466";"1079";"_shipping_address_index";"Vere Prozescky  Jl. Letjen Suprapto No. 20  Pontianak KB 78111 ID "
"467";"1079";"_wc_order_attribution_source_type";"typein"
"468";"1079";"_wc_order_attribution_utm_source";"(direct)"
"469";"1079";"_wc_order_attribution_session_entry";"https://datamininguntan.my.id/"
"470";"1079";"_wc_order_attribution_session_start_time";"2025-05-09 15:19:56"
"471";"1079";"_wc_order_attribution_session_pages";"122"
"472";"1079";"_wc_order_attribution_session_count";"1"
"473";"1079";"_wc_order_attribution_user_agent";"Mozilla/5.0 (Windows NT 10.0; Win64; x64) AppleWebKit/537.36 (KHTML, like Gecko) Chrome/136.0.0.0 Safari/537.36"
"474";"1079";"_wc_order_attribution_device_type";"Desktop"
"486";"1081";"is_vat_exempt";"no"
"487";"1081";"_billing_address_index";"Aliza Aguilar  Jl. Damai, Komplek Asri Lestari, Blok B, No. 12  Bandung JB 40222 ID aaguilar2d@vkontakte.ru "
"488";"1081";"_shipping_address_index";"Aliza Aguilar  Jl. Damai, Komplek Asri Lestari, Blok B, No. 12  Bandung JB 40222 ID "
"489";"1081";"_wc_order_attribution_source_type";"typein"
"490";"1081";"_wc_order_attribution_utm_source";"(direct)"
"491";"1081";"_wc_order_attribution_session_entry";"https://datamininguntan.my.id/"
"492";"1081";"_wc_order_attribution_session_start_time";"2025-05-09 16:21:18"
"493";"1081";"_wc_order_attribution_session_pages";"25"
"494";"1081";"_wc_order_attribution_session_count";"1"
"495";"1081";"_wc_order_attribution_user_agent";"Mozilla/5.0 (Windows NT 10.0; Win64; x64) AppleWebKit/537.36 (KHTML, like Gecko) Chrome/135.0.0.0 Safari/537.36"
"496";"1081";"_wc_order_attribution_device_type";"Desktop"
"497";"1082";"is_vat_exempt";"no"
"498";"1082";"_billing_address_index";"Hebert Swanborrow  Jl. Mawar 1 Blok A No. 5  Bandung JB 40222 ID hswanborrow2e@weather.com "
"499";"1082";"_shipping_address_index";"Hebert Swanborrow  Jl. Mawar 1 Blok A No. 5  Bandung JB 40222 ID "
"500";"1082";"_wc_order_attribution_source_type";"typein"
"501";"1082";"_wc_order_attribution_utm_source";"(direct)"
"502";"1082";"_wc_order_attribution_session_entry";"https://datamininguntan.my.id/"
"503";"1082";"_wc_order_attribution_session_start_time";"2025-05-09 16:21:18"
"504";"1082";"_wc_order_attribution_session_pages";"36"
"505";"1082";"_wc_order_attribution_session_count";"1"
"506";"1082";"_wc_order_attribution_user_agent";"Mozilla/5.0 (Windows NT 10.0; Win64; x64) AppleWebKit/537.36 (KHTML, like Gecko) Chrome/135.0.0.0 Safari/537.36"
"507";"1082";"_wc_order_attribution_device_type";"Desktop"
"508";"1083";"is_vat_exempt";"no"
"509";"1083";"_billing_address_index";"Catherin Cothey  Komplek Permata Hijau No. 18, Pasar Minggu  Jakarta Selatan JK 40111 ID ccothey2f@smugmug.com "
"510";"1083";"_shipping_address_index";"Catherin Cothey  Komplek Permata Hijau No. 18, Pasar Minggu  Jakarta Selatan JK 40111 ID "
"511";"1083";"_wc_order_attribution_source_type";"typein"
"512";"1083";"_wc_order_attribution_utm_source";"(direct)"
"513";"1083";"_wc_order_attribution_session_entry";"https://datamininguntan.my.id/"
"514";"1083";"_wc_order_attribution_session_start_time";"2025-05-09 16:21:18"
"515";"1083";"_wc_order_attribution_session_pages";"43"
"516";"1083";"_wc_order_attribution_session_count";"1"
"517";"1083";"_wc_order_attribution_user_agent";"Mozilla/5.0 (Windows NT 10.0; Win64; x64) AppleWebKit/537.36 (KHTML, like Gecko) Chrome/135.0.0.0 Safari/537.36"
"518";"1083";"_wc_order_attribution_device_type";"Desktop"
"519";"1081";"_edit_lock";"1746808864:4"
"521";"1084";"is_vat_exempt";"no"
"522";"1084";"_billing_address_index";"Valery Bohills  JL. Perdamaian, Gg Sejahtera No. 3  Pontianak KB 40333 ID vbohills2g@amazon.com "
"523";"1084";"_shipping_address_index";"Valery Bohills  JL. Perdamaian, Gg Sejahtera No. 3  Pontianak KB 40333 ID "
"524";"1084";"_wc_order_attribution_source_type";"typein"
"525";"1084";"_wc_order_attribution_utm_source";"(direct)"
"526";"1084";"_wc_order_attribution_session_entry";"https://datamininguntan.my.id/"
"527";"1084";"_wc_order_attribution_session_start_time";"2025-05-09 16:21:18"
"528";"1084";"_wc_order_attribution_session_pages";"54"
"529";"1084";"_wc_order_attribution_session_count";"1"
"530";"1084";"_wc_order_attribution_user_agent";"Mozilla/5.0 (Windows NT 10.0; Win64; x64) AppleWebKit/537.36 (KHTML, like Gecko) Chrome/135.0.0.0 Safari/537.36"
"531";"1084";"_wc_order_attribution_device_type";"Desktop"
"532";"1085";"is_vat_exempt";"no"
"533";"1085";"_billing_address_index";"Rawley Engelbrecht  Jl. Anggrek II No. 22  Denpasar BA 40666 ID rengelbrecht2h@drupal.org "
"534";"1085";"_shipping_address_index";"Rawley Engelbrecht  Jl. Anggrek II No. 22  Denpasar BA 40666 ID "
"535";"1085";"_wc_order_attribution_source_type";"typein"
"536";"1085";"_wc_order_attribution_utm_source";"(direct)"
"537";"1085";"_wc_order_attribution_session_entry";"https://datamininguntan.my.id/"
"538";"1085";"_wc_order_attribution_session_start_time";"2025-05-09 16:21:18"
"539";"1085";"_wc_order_attribution_session_pages";"61"
"540";"1085";"_wc_order_attribution_session_count";"1"
"541";"1085";"_wc_order_attribution_user_agent";"Mozilla/5.0 (Windows NT 10.0; Win64; x64) AppleWebKit/537.36 (KHTML, like Gecko) Chrome/135.0.0.0 Safari/537.36"
"542";"1085";"_wc_order_attribution_device_type";"Desktop"
"543";"1086";"is_vat_exempt";"no"
"544";"1086";"_billing_address_index";"Noreen Dealey  Jl. Apel, Gang Bahagia Ujung No. 9  Bandung JB 40222 ID ndealey2i@odnoklassniki.ru "
"545";"1086";"_shipping_address_index";"Noreen Dealey  Jl. Apel, Gang Bahagia Ujung No. 9  Bandung JB 40222 ID "
"546";"1086";"_wc_order_attribution_source_type";"typein"
"547";"1086";"_wc_order_attribution_utm_source";"(direct)"
"548";"1086";"_wc_order_attribution_session_entry";"https://datamininguntan.my.id/"
"549";"1086";"_wc_order_attribution_session_start_time";"2025-05-09 16:21:18"
"550";"1086";"_wc_order_attribution_session_pages";"75"
"551";"1086";"_wc_order_attribution_session_count";"1"
"552";"1086";"_wc_order_attribution_user_agent";"Mozilla/5.0 (Windows NT 10.0; Win64; x64) AppleWebKit/537.36 (KHTML, like Gecko) Chrome/135.0.0.0 Safari/537.36"
"553";"1086";"_wc_order_attribution_device_type";"Desktop"
"554";"1087";"is_vat_exempt";"no"
"555";"1087";"_billing_address_index";"Caryl Zanini  Perumahan Bukit Indah Blok F No. 4,  Pontianak KB 40333 ID czanini2j@berkeley.edu "
"556";"1087";"_shipping_address_index";"Caryl Zanini  Perumahan Bukit Indah Blok F No. 4,  Pontianak KB 40333 ID "
"557";"1087";"_wc_order_attribution_source_type";"typein"
"558";"1087";"_wc_order_attribution_utm_source";"(direct)"
"559";"1087";"_wc_order_attribution_session_entry";"https://datamininguntan.my.id/"
"560";"1087";"_wc_order_attribution_session_start_time";"2025-05-09 16:21:18"
"561";"1087";"_wc_order_attribution_session_pages";"83"
"562";"1087";"_wc_order_attribution_session_count";"1"
"563";"1087";"_wc_order_attribution_user_agent";"Mozilla/5.0 (Windows NT 10.0; Win64; x64) AppleWebKit/537.36 (KHTML, like Gecko) Chrome/135.0.0.0 Safari/537.36"
"564";"1087";"_wc_order_attribution_device_type";"Desktop"
"565";"1088";"is_vat_exempt";"no"
"566";"1088";"_billing_address_index";"Adamo Allibon  Jl. Cempaka Raya No. 31,  Banjarmasin KS 40444 ID aallibon2k@bing.com "
"567";"1088";"_shipping_address_index";"Adamo Allibon  Jl. Cempaka Raya No. 31,  Banjarmasin KS 40444 ID "
"568";"1088";"_wc_order_attribution_source_type";"typein"
"569";"1088";"_wc_order_attribution_utm_source";"(direct)"
"570";"1088";"_wc_order_attribution_session_entry";"https://datamininguntan.my.id/"
"571";"1088";"_wc_order_attribution_session_start_time";"2025-05-09 16:21:18"
"572";"1088";"_wc_order_attribution_session_pages";"90"
"573";"1088";"_wc_order_attribution_session_count";"1"
"574";"1088";"_wc_order_attribution_user_agent";"Mozilla/5.0 (Windows NT 10.0; Win64; x64) AppleWebKit/537.36 (KHTML, like Gecko) Chrome/135.0.0.0 Safari/537.36"
"575";"1088";"_wc_order_attribution_device_type";"Desktop"
"576";"1089";"is_vat_exempt";"no"
"577";"1089";"_billing_address_index";"Kala Ixer  Jl. Merdeka No. 10, Kel. Sukamaju, Kec. Sukaraja, Bandung, Jawa Barat  Bandung JB 40162 ID kixer1o@senate.gov "
"578";"1089";"_shipping_address_index";"Kala Ixer  Jl. Merdeka No. 10, Kel. Sukamaju, Kec. Sukaraja, Bandung, Jawa Barat  Bandung JB 40162 ID "
"579";"1089";"_wc_order_attribution_source_type";"typein"
"580";"1089";"_wc_order_attribution_utm_source";"(direct)"
"581";"1089";"_wc_order_attribution_session_entry";"https://datamininguntan.my.id/"
"582";"1089";"_wc_order_attribution_session_start_time";"2025-05-09 13:21:38"
"583";"1089";"_wc_order_attribution_session_pages";"10"
"584";"1089";"_wc_order_attribution_session_count";"3"
"585";"1089";"_wc_order_attribution_user_agent";"Mozilla/5.0 (Windows NT 10.0; Win64; x64) AppleWebKit/537.36 (KHTML, like Gecko) Chrome/136.0.0.0 Safari/537.36"
"586";"1089";"_wc_order_attribution_device_type";"Desktop"
"587";"1090";"is_vat_exempt";"no"
"588";"1090";"_billing_address_index";"Mindy Ollier  JL. Anggrek, Gang Melati No. 11A  Manado SA 41111 ID mollier2l@sitemeter.com "
"589";"1090";"_shipping_address_index";"Mindy Ollier  JL. Anggrek, Gang Melati No. 11A  Manado SA 41111 ID "
"590";"1090";"_wc_order_attribution_source_type";"typein"
"591";"1090";"_wc_order_attribution_utm_source";"(direct)"
"592";"1090";"_wc_order_attribution_session_entry";"https://datamininguntan.my.id/"
"593";"1090";"_wc_order_attribution_session_start_time";"2025-05-09 16:21:18"
"594";"1090";"_wc_order_attribution_session_pages";"96"
"595";"1090";"_wc_order_attribution_session_count";"1"
"596";"1090";"_wc_order_attribution_user_agent";"Mozilla/5.0 (Windows NT 10.0; Win64; x64) AppleWebKit/537.36 (KHTML, like Gecko) Chrome/135.0.0.0 Safari/537.36"
"597";"1090";"_wc_order_attribution_device_type";"Desktop"
"598";"1091";"is_vat_exempt";"no"
"599";"1091";"_billing_address_index";"Hettie Bowkett  Komplek Surya Kencana Blok D No. 15  Bekasi JB 41222 ID hbowkett2m@gravatar.com "
"600";"1091";"_shipping_address_index";"Hettie Bowkett  Komplek Surya Kencana Blok D No. 15  Bekasi JB 41222 ID "
"601";"1091";"_wc_order_attribution_source_type";"typein"
"602";"1091";"_wc_order_attribution_utm_source";"(direct)"
"603";"1091";"_wc_order_attribution_session_entry";"https://datamininguntan.my.id/"
"604";"1091";"_wc_order_attribution_session_start_time";"2025-05-09 16:21:18"
"605";"1091";"_wc_order_attribution_session_pages";"103"
"606";"1091";"_wc_order_attribution_session_count";"1"
"607";"1091";"_wc_order_attribution_user_agent";"Mozilla/5.0 (Windows NT 10.0; Win64; x64) AppleWebKit/537.36 (KHTML, like Gecko) Chrome/135.0.0.0 Safari/537.36"
"608";"1091";"_wc_order_attribution_device_type";"Desktop"
"609";"1092";"is_vat_exempt";"no"
"610";"1092";"_billing_address_index";"Elijah Da Costa  Jl Dahlia No. 2  Semarang JT 40777 ID edacosta2n@acquirethisname.com "
"611";"1092";"_shipping_address_index";"Elijah Da Costa  Jl Dahlia No. 2  Semarang JT 40777 ID "
"612";"1092";"_wc_order_attribution_source_type";"typein"
"613";"1092";"_wc_order_attribution_utm_source";"(direct)"
"614";"1092";"_wc_order_attribution_session_entry";"https://datamininguntan.my.id/"
"615";"1092";"_wc_order_attribution_session_start_time";"2025-05-09 16:21:18"
"616";"1092";"_wc_order_attribution_session_pages";"109"
"617";"1092";"_wc_order_attribution_session_count";"1"
"618";"1092";"_wc_order_attribution_user_agent";"Mozilla/5.0 (Windows NT 10.0; Win64; x64) AppleWebKit/537.36 (KHTML, like Gecko) Chrome/135.0.0.0 Safari/537.36"
"619";"1092";"_wc_order_attribution_device_type";"Desktop"
"620";"1093";"is_vat_exempt";"no"
"621";"1093";"_billing_address_index";"Tommi Andrioli  Jl. Sudirman No. 25, Kel. Kebayoran Baru, Kec. Kebayoran  Jakarta Selatan JK 12110 ID tandrioli1p@google.es "
"622";"1093";"_shipping_address_index";"Tommi Andrioli  Jl. Sudirman No. 25, Kel. Kebayoran Baru, Kec. Kebayoran  Jakarta Selatan JK 12110 ID "
"623";"1093";"_wc_order_attribution_source_type";"typein"
"624";"1093";"_wc_order_attribution_utm_source";"(direct)"
"625";"1093";"_wc_order_attribution_session_entry";"https://datamininguntan.my.id/"
"626";"1093";"_wc_order_attribution_session_start_time";"2025-05-09 13:21:38"
"627";"1093";"_wc_order_attribution_session_pages";"27"
"628";"1093";"_wc_order_attribution_session_count";"3"
"629";"1093";"_wc_order_attribution_user_agent";"Mozilla/5.0 (Windows NT 10.0; Win64; x64) AppleWebKit/537.36 (KHTML, like Gecko) Chrome/136.0.0.0 Safari/537.36"
"630";"1093";"_wc_order_attribution_device_type";"Desktop"
"631";"1094";"is_vat_exempt";"no"
"632";"1094";"_billing_address_index";"Ward Dat  Jl. Diponegoro No. 8, Kel. Tegalrejo, Kec. Jetis  Yogyakarta YO 55244 ID wdat1q@home.pl "
"633";"1094";"_shipping_address_index";"Ward Dat  Jl. Diponegoro No. 8, Kel. Tegalrejo, Kec. Jetis  Yogyakarta YO 55244 ID "
"634";"1094";"_wc_order_attribution_source_type";"typein"
"635";"1094";"_wc_order_attribution_utm_source";"(direct)"
"636";"1094";"_wc_order_attribution_session_entry";"https://datamininguntan.my.id/"
"637";"1094";"_wc_order_attribution_session_start_time";"2025-05-09 13:21:38"
"638";"1094";"_wc_order_attribution_session_pages";"35"
"639";"1094";"_wc_order_attribution_session_count";"3"
"640";"1094";"_wc_order_attribution_user_agent";"Mozilla/5.0 (Windows NT 10.0; Win64; x64) AppleWebKit/537.36 (KHTML, like Gecko) Chrome/136.0.0.0 Safari/537.36"
"641";"1094";"_wc_order_attribution_device_type";"Desktop"
"642";"1095";"is_vat_exempt";"no"
"643";"1095";"_billing_address_index";"Gabie Dyka  Jl. Ahmad Yani No. 77, Kel. Banjarsari, Kec. Banjarmasin Tengah  Banjarmasin KS 70122 ID gdyka1r@columbia.edu "
"644";"1095";"_shipping_address_index";"Gabie Dyka  Jl. Ahmad Yani No. 77, Kel. Banjarsari, Kec. Banjarmasin Tengah  Banjarmasin KS 70122 ID "
"645";"1095";"_wc_order_attribution_source_type";"typein"
"646";"1095";"_wc_order_attribution_utm_source";"(direct)"
"647";"1095";"_wc_order_attribution_session_entry";"https://datamininguntan.my.id/"
"648";"1095";"_wc_order_attribution_session_start_time";"2025-05-09 13:21:38"
"649";"1095";"_wc_order_attribution_session_pages";"43"
"650";"1095";"_wc_order_attribution_session_count";"3"
"651";"1095";"_wc_order_attribution_user_agent";"Mozilla/5.0 (Windows NT 10.0; Win64; x64) AppleWebKit/537.36 (KHTML, like Gecko) Chrome/136.0.0.0 Safari/537.36"
"652";"1095";"_wc_order_attribution_device_type";"Desktop"
"653";"1096";"is_vat_exempt";"no"
"654";"1096";"_billing_address_index";"Vaclav Wedge  Jl. Gajah Mada No. 55, Kel. Klojen, Kec. Klojen  Malang JI 65111 ID vwedge1s@typepad.com "
"655";"1096";"_shipping_address_index";"Vaclav Wedge  Jl. Gajah Mada No. 55, Kel. Klojen, Kec. Klojen  Malang JI 65111 ID "
"656";"1096";"_wc_order_attribution_source_type";"typein"
"657";"1096";"_wc_order_attribution_utm_source";"(direct)"
"658";"1096";"_wc_order_attribution_session_entry";"https://datamininguntan.my.id/"
"659";"1096";"_wc_order_attribution_session_start_time";"2025-05-09 13:21:38"
"660";"1096";"_wc_order_attribution_session_pages";"52"
"661";"1096";"_wc_order_attribution_session_count";"3"
"662";"1096";"_wc_order_attribution_user_agent";"Mozilla/5.0 (Windows NT 10.0; Win64; x64) AppleWebKit/537.36 (KHTML, like Gecko) Chrome/136.0.0.0 Safari/537.36"
"663";"1096";"_wc_order_attribution_device_type";"Desktop"
"697";"1100";"is_vat_exempt";"no"
"698";"1100";"_billing_address_index";"Olive O'Logan  Jalan Serdam  Kota Pontianak KB 78124 ID oologanc@imgur.com "
"699";"1100";"_shipping_address_index";"Olive O'Logan  Jalan Serdam  Kota Pontianak KB 78124 ID "
"700";"1100";"_wc_order_attribution_source_type";"typein"
"701";"1100";"_wc_order_attribution_utm_source";"(direct)"
"702";"1100";"_wc_order_attribution_session_entry";"https://datamininguntan.my.id/"
"703";"1100";"_wc_order_attribution_session_start_time";"2025-05-10 03:58:35"
"704";"1100";"_wc_order_attribution_session_pages";"6"
"705";"1100";"_wc_order_attribution_session_count";"1"
"706";"1100";"_wc_order_attribution_user_agent";"Mozilla/5.0 (X11; Linux x86_64) AppleWebKit/537.36 (KHTML, like Gecko) Chrome/136.0.0.0 Safari/537.36"
"707";"1100";"_wc_order_attribution_device_type";"Desktop"
"719";"1102";"is_vat_exempt";"no"
"720";"1102";"_billing_address_index";"Joanie Mannie  Jalan Kota Baru  Kota Pontianak KB 78121 ID jmanniee@google.com.au "
"721";"1102";"_shipping_address_index";"Joanie Mannie  Jalan Kota Baru  Kota Pontianak KB 78121 ID "
"722";"1102";"_wc_order_attribution_source_type";"typein"
"723";"1102";"_wc_order_attribution_utm_source";"(direct)"
"724";"1102";"_wc_order_attribution_session_entry";"https://datamininguntan.my.id/"
"725";"1102";"_wc_order_attribution_session_start_time";"2025-05-10 03:58:35"
"726";"1102";"_wc_order_attribution_session_pages";"25"
"727";"1102";"_wc_order_attribution_session_count";"1"
"728";"1102";"_wc_order_attribution_user_agent";"Mozilla/5.0 (X11; Linux x86_64) AppleWebKit/537.36 (KHTML, like Gecko) Chrome/136.0.0.0 Safari/537.36"
"729";"1102";"_wc_order_attribution_device_type";"Desktop"
"730";"1103";"is_vat_exempt";"no"
"731";"1103";"_billing_address_index";"Klarrisa Calender  Jalan Pal 5  Kota Pontianak KB 78114 ID kcalenderf@shinystat.com "
"732";"1103";"_shipping_address_index";"Klarrisa Calender  Jalan Pal 5  Kota Pontianak KB 78114 ID "
"733";"1103";"_wc_order_attribution_source_type";"typein"
"734";"1103";"_wc_order_attribution_utm_source";"(direct)"
"735";"1103";"_wc_order_attribution_session_entry";"https://datamininguntan.my.id/"
"736";"1103";"_wc_order_attribution_session_start_time";"2025-05-10 03:58:35"
"737";"1103";"_wc_order_attribution_session_pages";"33"
"738";"1103";"_wc_order_attribution_session_count";"1"
"739";"1103";"_wc_order_attribution_user_agent";"Mozilla/5.0 (X11; Linux x86_64) AppleWebKit/537.36 (KHTML, like Gecko) Chrome/136.0.0.0 Safari/537.36"
"740";"1103";"_wc_order_attribution_device_type";"Desktop"
"741";"1104";"is_vat_exempt";"no"
"742";"1104";"_billing_address_index";"Fairlie Preshaw  Jalan Sui Jawi  Kota Pontianak KB 78113 ID fpreshawg@china.com.cn "
"743";"1104";"_shipping_address_index";"Fairlie Preshaw  Jalan Sui Jawi  Kota Pontianak KB 78113 ID "
"744";"1104";"_wc_order_attribution_source_type";"typein"
"745";"1104";"_wc_order_attribution_utm_source";"(direct)"
"746";"1104";"_wc_order_attribution_session_entry";"https://datamininguntan.my.id/"
"747";"1104";"_wc_order_attribution_session_start_time";"2025-05-10 03:58:35"
"748";"1104";"_wc_order_attribution_session_pages";"43"
"749";"1104";"_wc_order_attribution_session_count";"1"
"750";"1104";"_wc_order_attribution_user_agent";"Mozilla/5.0 (X11; Linux x86_64) AppleWebKit/537.36 (KHTML, like Gecko) Chrome/136.0.0.0 Safari/537.36"
"751";"1104";"_wc_order_attribution_device_type";"Desktop"
"752";"1105";"is_vat_exempt";"no"
"753";"1105";"_billing_address_index";"Corrina Clubb  Jalan Paris 2  Kota Pontianak KB 78124 ID cclubbh@marketwatch.com "
"754";"1105";"_shipping_address_index";"Corrina Clubb  Jalan Paris 2  Kota Pontianak KB 78124 ID "
"755";"1105";"_wc_order_attribution_source_type";"typein"
"756";"1105";"_wc_order_attribution_utm_source";"(direct)"
"757";"1105";"_wc_order_attribution_session_entry";"https://datamininguntan.my.id/"
"758";"1105";"_wc_order_attribution_session_start_time";"2025-05-10 03:58:35"
"759";"1105";"_wc_order_attribution_session_pages";"51"
"760";"1105";"_wc_order_attribution_session_count";"1"
"761";"1105";"_wc_order_attribution_user_agent";"Mozilla/5.0 (X11; Linux x86_64) AppleWebKit/537.36 (KHTML, like Gecko) Chrome/136.0.0.0 Safari/537.36"
"762";"1105";"_wc_order_attribution_device_type";"Desktop"
"763";"1106";"is_vat_exempt";"no"
"764";"1106";"_billing_address_index";"Rodge Winram  Jalan Paris 1  Kota Pontianak KB 78124 ID rwinrami@cnn.com "
"765";"1106";"_shipping_address_index";"Rodge Winram  Jalan Paris 1  Kota Pontianak KB 78124 ID "
"766";"1106";"_wc_order_attribution_source_type";"typein"
"767";"1106";"_wc_order_attribution_utm_source";"(direct)"
"768";"1106";"_wc_order_attribution_session_entry";"https://datamininguntan.my.id/"
"769";"1106";"_wc_order_attribution_session_start_time";"2025-05-10 03:58:35"
"770";"1106";"_wc_order_attribution_session_pages";"61"
"771";"1106";"_wc_order_attribution_session_count";"1"
"772";"1106";"_wc_order_attribution_user_agent";"Mozilla/5.0 (X11; Linux x86_64) AppleWebKit/537.36 (KHTML, like Gecko) Chrome/136.0.0.0 Safari/537.36"
"773";"1106";"_wc_order_attribution_device_type";"Desktop"
"774";"1107";"is_vat_exempt";"no"
"775";"1107";"_billing_address_index";"Ronny Plews  Jalan Imam Bonjol  Kota Pontianak KB 78124 ID rplewsj@paypal.com "
"776";"1107";"_shipping_address_index";"Ronny Plews  Jalan Imam Bonjol  Kota Pontianak KB 78124 ID "
"777";"1107";"_wc_order_attribution_source_type";"typein"
"778";"1107";"_wc_order_attribution_utm_source";"(direct)"
"779";"1107";"_wc_order_attribution_session_entry";"https://datamininguntan.my.id/"
"780";"1107";"_wc_order_attribution_session_start_time";"2025-05-10 03:58:35"
"781";"1107";"_wc_order_attribution_session_pages";"70"
"782";"1107";"_wc_order_attribution_session_count";"1"
"783";"1107";"_wc_order_attribution_user_agent";"Mozilla/5.0 (X11; Linux x86_64) AppleWebKit/537.36 (KHTML, like Gecko) Chrome/136.0.0.0 Safari/537.36"
"784";"1107";"_wc_order_attribution_device_type";"Desktop"
"785";"1108";"is_vat_exempt";"no"
"786";"1108";"_billing_address_index";"Isis Griss  Jalan Kota Baru  Kota Pontianak KB 78121 ID igrissk@addtoany.com "
"787";"1108";"_shipping_address_index";"Isis Griss  Jalan Kota Baru  Kota Pontianak KB 78121 ID "
"788";"1108";"_wc_order_attribution_source_type";"typein"
"789";"1108";"_wc_order_attribution_utm_source";"(direct)"
"790";"1108";"_wc_order_attribution_session_entry";"https://datamininguntan.my.id/"
"791";"1108";"_wc_order_attribution_session_start_time";"2025-05-10 03:58:35"
"792";"1108";"_wc_order_attribution_session_pages";"78"
"793";"1108";"_wc_order_attribution_session_count";"1"
"794";"1108";"_wc_order_attribution_user_agent";"Mozilla/5.0 (X11; Linux x86_64) AppleWebKit/537.36 (KHTML, like Gecko) Chrome/136.0.0.0 Safari/537.36"
"795";"1108";"_wc_order_attribution_device_type";"Desktop"
"796";"1109";"is_vat_exempt";"no"
"797";"1109";"_billing_address_index";"Rita Crownshaw  Jalan Serdam  Kota Pontianak KB 78124 ID rcrownshawl@cnet.com "
"798";"1109";"_shipping_address_index";"Rita Crownshaw  Jalan Serdam  Kota Pontianak KB 78124 ID "
"799";"1109";"_wc_order_attribution_source_type";"typein"
"800";"1109";"_wc_order_attribution_utm_source";"(direct)"
"801";"1109";"_wc_order_attribution_session_entry";"https://datamininguntan.my.id/"
"802";"1109";"_wc_order_attribution_session_start_time";"2025-05-10 03:58:35"
"803";"1109";"_wc_order_attribution_session_pages";"86"
"804";"1109";"_wc_order_attribution_session_count";"1"
"805";"1109";"_wc_order_attribution_user_agent";"Mozilla/5.0 (X11; Linux x86_64) AppleWebKit/537.36 (KHTML, like Gecko) Chrome/136.0.0.0 Safari/537.36"
"806";"1109";"_wc_order_attribution_device_type";"Desktop"
"807";"1110";"is_vat_exempt";"no"
"808";"1110";"_billing_address_index";"Maisie Gobolos  Jalan Kota Baru  Kota Pontianak KB 78114 ID mgobolosm@who.int "
"809";"1110";"_shipping_address_index";"Maisie Gobolos  Jalan Kota Baru  Kota Pontianak KB 78114 ID "
"810";"1110";"_wc_order_attribution_source_type";"typein"
"811";"1110";"_wc_order_attribution_utm_source";"(direct)"
"812";"1110";"_wc_order_attribution_session_entry";"https://datamininguntan.my.id/"
"813";"1110";"_wc_order_attribution_session_start_time";"2025-05-10 03:58:35"
"814";"1110";"_wc_order_attribution_session_pages";"94"
"815";"1110";"_wc_order_attribution_session_count";"1"
"816";"1110";"_wc_order_attribution_user_agent";"Mozilla/5.0 (X11; Linux x86_64) AppleWebKit/537.36 (KHTML, like Gecko) Chrome/136.0.0.0 Safari/537.36"
"817";"1110";"_wc_order_attribution_device_type";"Desktop"
"818";"1111";"is_vat_exempt";"no"
"819";"1111";"_billing_address_index";"Norah Armfield  Jalan Serdam  Kota Pontianak JB 78124 ID narmfieldn@cyberchimps.com "
"820";"1111";"_shipping_address_index";"Norah Armfield  Jalan Serdam  Kota Pontianak JB 78124 ID "
"821";"1111";"_wc_order_attribution_source_type";"typein"
"822";"1111";"_wc_order_attribution_utm_source";"(direct)"
"823";"1111";"_wc_order_attribution_session_entry";"https://datamininguntan.my.id/"
"824";"1111";"_wc_order_attribution_session_start_time";"2025-05-10 03:58:35"
"825";"1111";"_wc_order_attribution_session_pages";"102"
"826";"1111";"_wc_order_attribution_session_count";"1"
"827";"1111";"_wc_order_attribution_user_agent";"Mozilla/5.0 (X11; Linux x86_64) AppleWebKit/537.36 (KHTML, like Gecko) Chrome/136.0.0.0 Safari/537.36"
"828";"1111";"_wc_order_attribution_device_type";"Desktop"
"906";"1122";"is_vat_exempt";"no"
"907";"1122";"_billing_address_index";"Elijah Da Costa  Jl Putri daranante no 17  Pontianak KB 78116 ID edacosta2n@acquirethisname.com "
"908";"1122";"_shipping_address_index";"Elijah Da Costa  Jl Putri daranante no 17  Pontianak KB 78116 ID "
"909";"1122";"_wc_order_attribution_source_type";"referral"
"910";"1122";"_wc_order_attribution_referrer";"http://195.88.211.140:2082/"
"911";"1122";"_wc_order_attribution_utm_source";"195.88.211.140"
"912";"1122";"_wc_order_attribution_utm_medium";"referral"
"913";"1122";"_wc_order_attribution_utm_content";"/"
"914";"1122";"_wc_order_attribution_session_entry";"https://datamininguntan.my.id/"
"915";"1122";"_wc_order_attribution_session_start_time";"2025-05-07 08:13:20"
"916";"1122";"_wc_order_attribution_session_pages";"18"
"917";"1122";"_wc_order_attribution_session_count";"5"
"918";"1122";"_wc_order_attribution_user_agent";"Mozilla/5.0 (Windows NT 10.0; Win64; x64) AppleWebKit/537.36 (KHTML, like Gecko) Chrome/135.0.0.0 Safari/537.36"
"919";"1122";"_wc_order_attribution_device_type";"Desktop"
"931";"1124";"is_vat_exempt";"no"
"932";"1124";"_billing_address_index";"Bethina Muston  Jl alianyang no 1  Pontianak KB 78116 ID bmuston2o@altervista.org "
"933";"1124";"_shipping_address_index";"Bethina Muston  Jl alianyang no 1  Pontianak KB 78116 ID "
"934";"1124";"_wc_order_attribution_source_type";"referral"
"935";"1124";"_wc_order_attribution_referrer";"http://195.88.211.140:2082/"
"936";"1124";"_wc_order_attribution_utm_source";"195.88.211.140"
"937";"1124";"_wc_order_attribution_utm_medium";"referral"
"938";"1124";"_wc_order_attribution_utm_content";"/"
"939";"1124";"_wc_order_attribution_session_entry";"https://datamininguntan.my.id/"
"940";"1124";"_wc_order_attribution_session_start_time";"2025-05-07 08:13:20"
"941";"1124";"_wc_order_attribution_session_pages";"25"
"942";"1124";"_wc_order_attribution_session_count";"5"
"943";"1124";"_wc_order_attribution_user_agent";"Mozilla/5.0 (Windows NT 10.0; Win64; x64) AppleWebKit/537.36 (KHTML, like Gecko) Chrome/135.0.0.0 Safari/537.36"
"944";"1124";"_wc_order_attribution_device_type";"Desktop"
"956";"1126";"is_vat_exempt";"no"
"957";"1126";"_billing_address_index";"Zelda Attarge  Jl purnama 1 komp purnama 5  Pontianak KB 78121 ID zattarge2p@hostgator.com "
"958";"1126";"_shipping_address_index";"Zelda Attarge  Jl purnama 1 komp purnama 5  Pontianak KB 78121 ID "
"959";"1126";"_wc_order_attribution_source_type";"referral"
"960";"1126";"_wc_order_attribution_referrer";"http://195.88.211.140:2082/"
"961";"1126";"_wc_order_attribution_utm_source";"195.88.211.140"
"962";"1126";"_wc_order_attribution_utm_medium";"referral"
"963";"1126";"_wc_order_attribution_utm_content";"/"
"964";"1126";"_wc_order_attribution_session_entry";"https://datamininguntan.my.id/"
"965";"1126";"_wc_order_attribution_session_start_time";"2025-05-07 08:13:20"
"966";"1126";"_wc_order_attribution_session_pages";"32"
"967";"1126";"_wc_order_attribution_session_count";"5"
"968";"1126";"_wc_order_attribution_user_agent";"Mozilla/5.0 (Windows NT 10.0; Win64; x64) AppleWebKit/537.36 (KHTML, like Gecko) Chrome/135.0.0.0 Safari/537.36"
"969";"1126";"_wc_order_attribution_device_type";"Desktop"
"992";"1129";"is_vat_exempt";"no"
"993";"1129";"_billing_address_index";"Clarey Badwick  Jl purnama1 gg purnama 1  Pontianak KB 78121 ID cbadwick2q@ox.ac.uk "
"994";"1129";"_shipping_address_index";"Clarey Badwick  Jl purnama1 gg purnama 1  Pontianak KB 78121 ID "
"995";"1129";"_wc_order_attribution_source_type";"referral"
"996";"1129";"_wc_order_attribution_referrer";"http://195.88.211.140:2082/"
"997";"1129";"_wc_order_attribution_utm_source";"195.88.211.140"
"998";"1129";"_wc_order_attribution_utm_medium";"referral"
"999";"1129";"_wc_order_attribution_utm_content";"/"
"1000";"1129";"_wc_order_attribution_session_entry";"https://datamininguntan.my.id/"
"1001";"1129";"_wc_order_attribution_session_start_time";"2025-05-07 08:13:20"
"1002";"1129";"_wc_order_attribution_session_pages";"42"
"1003";"1129";"_wc_order_attribution_session_count";"5"
"1004";"1129";"_wc_order_attribution_user_agent";"Mozilla/5.0 (Windows NT 10.0; Win64; x64) AppleWebKit/537.36 (KHTML, like Gecko) Chrome/135.0.0.0 Safari/537.36"
"1005";"1129";"_wc_order_attribution_device_type";"Desktop"
"1028";"1132";"is_vat_exempt";"no"
"1029";"1132";"_billing_address_index";"Catarina Kingsnod  jl karya baru no 3  Pontianak KB 78121 ID ckingsnod2r@cnet.com "
"1030";"1132";"_shipping_address_index";"Catarina Kingsnod  jl karya baru no 3  Pontianak KB 78121 ID "
"1031";"1132";"_wc_order_attribution_source_type";"referral"
"1032";"1132";"_wc_order_attribution_referrer";"http://195.88.211.140:2082/"
"1033";"1132";"_wc_order_attribution_utm_source";"195.88.211.140"
"1034";"1132";"_wc_order_attribution_utm_medium";"referral"
"1035";"1132";"_wc_order_attribution_utm_content";"/"
"1036";"1132";"_wc_order_attribution_session_entry";"https://datamininguntan.my.id/"
"1037";"1132";"_wc_order_attribution_session_start_time";"2025-05-07 08:13:20"
"1038";"1132";"_wc_order_attribution_session_pages";"49"
"1039";"1132";"_wc_order_attribution_session_count";"5"
"1040";"1132";"_wc_order_attribution_user_agent";"Mozilla/5.0 (Windows NT 10.0; Win64; x64) AppleWebKit/537.36 (KHTML, like Gecko) Chrome/135.0.0.0 Safari/537.36"
"1041";"1132";"_wc_order_attribution_device_type";"Desktop"
"1053";"1134";"is_vat_exempt";"no"
"1054";"1134";"_billing_address_index";"Tobiah Loyd  Jl.Batikan  Yogyakarta YO 55161 ID tloyd10@sogou.com "
"1055";"1134";"_shipping_address_index";"Tobiah Loyd  Jl.Batikan  Yogyakarta YO 55161 ID "
"1056";"1134";"_wc_order_attribution_source_type";"typein"
"1057";"1134";"_wc_order_attribution_utm_source";"(direct)"
"1058";"1134";"_wc_order_attribution_session_entry";"https://datamininguntan.my.id/"
"1059";"1134";"_wc_order_attribution_session_start_time";"2025-05-10 06:00:27"
"1060";"1134";"_wc_order_attribution_session_pages";"10"
"1061";"1134";"_wc_order_attribution_session_count";"1"
"1062";"1134";"_wc_order_attribution_user_agent";"Mozilla/5.0 (Windows NT 10.0; Win64; x64) AppleWebKit/537.36 (KHTML, like Gecko) Chrome/136.0.0.0 Safari/537.36"
"1063";"1134";"_wc_order_attribution_device_type";"Desktop"
"1086";"1137";"is_vat_exempt";"no"
"1087";"1137";"_billing_address_index";"Dacie Leeman  Jl M sohor  Pontianak KB 78121 ID dleeman0@hatena.ne.jp "
"1088";"1137";"_shipping_address_index";"Dacie Leeman  Jl M sohor  Pontianak KB 78121 ID "
"1089";"1137";"_wc_order_attribution_source_type";"referral"
"1090";"1137";"_wc_order_attribution_referrer";"http://195.88.211.140:2082/"
"1091";"1137";"_wc_order_attribution_utm_source";"195.88.211.140"
"1092";"1137";"_wc_order_attribution_utm_medium";"referral"
"1093";"1137";"_wc_order_attribution_utm_content";"/"
"1094";"1137";"_wc_order_attribution_session_entry";"https://datamininguntan.my.id/"
"1095";"1137";"_wc_order_attribution_session_start_time";"2025-05-07 08:13:20"
"1096";"1137";"_wc_order_attribution_session_pages";"56"
"1097";"1137";"_wc_order_attribution_session_count";"5"
"1098";"1137";"_wc_order_attribution_user_agent";"Mozilla/5.0 (Windows NT 10.0; Win64; x64) AppleWebKit/537.36 (KHTML, like Gecko) Chrome/135.0.0.0 Safari/537.36"
"1099";"1137";"_wc_order_attribution_device_type";"Desktop"
"1100";"1138";"is_vat_exempt";"no"
"1101";"1138";"_billing_address_index";"Tully Guiraud  Jl. Kapas  Yogyakarta YO 55161 ID tguiraud11@dropbox.com "
"1102";"1138";"_shipping_address_index";"Tully Guiraud  Jl. Kapas  Yogyakarta YO 55161 ID "
"1103";"1138";"_wc_order_attribution_source_type";"typein"
"1104";"1138";"_wc_order_attribution_utm_source";"(direct)"
"1105";"1138";"_wc_order_attribution_session_entry";"https://datamininguntan.my.id/"
"1106";"1138";"_wc_order_attribution_session_start_time";"2025-05-10 06:00:27"
"1107";"1138";"_wc_order_attribution_session_pages";"20"
"1108";"1138";"_wc_order_attribution_session_count";"1"
"1109";"1138";"_wc_order_attribution_user_agent";"Mozilla/5.0 (Windows NT 10.0; Win64; x64) AppleWebKit/537.36 (KHTML, like Gecko) Chrome/136.0.0.0 Safari/537.36"
"1110";"1138";"_wc_order_attribution_device_type";"Desktop"
"1111";"1139";"is_vat_exempt";"no"
"1112";"1139";"_billing_address_index";"Giana Pesterfield  Jl putri darahitam  Pontianak KB 78116 ID gpesterfield1@prlog.org "
"1113";"1139";"_shipping_address_index";"Giana Pesterfield  Jl putri darahitam  Pontianak KB 78116 ID "
"1114";"1139";"_wc_order_attribution_source_type";"referral"
"1115";"1139";"_wc_order_attribution_referrer";"http://195.88.211.140:2082/"
"1116";"1139";"_wc_order_attribution_utm_source";"195.88.211.140"
"1117";"1139";"_wc_order_attribution_utm_medium";"referral"
"1118";"1139";"_wc_order_attribution_utm_content";"/"
"1119";"1139";"_wc_order_attribution_session_entry";"https://datamininguntan.my.id/"
"1120";"1139";"_wc_order_attribution_session_start_time";"2025-05-07 08:13:20"
"1121";"1139";"_wc_order_attribution_session_pages";"64"
"1122";"1139";"_wc_order_attribution_session_count";"5"
"1123";"1139";"_wc_order_attribution_user_agent";"Mozilla/5.0 (Windows NT 10.0; Win64; x64) AppleWebKit/537.36 (KHTML, like Gecko) Chrome/135.0.0.0 Safari/537.36"
"1124";"1139";"_wc_order_attribution_device_type";"Desktop"
"1136";"1141";"is_vat_exempt";"no"
"1137";"1141";"_billing_address_index";"Muffin Endean  Jl penjara  Pontianak KB 78116 ID mendean2@w3.org "
"1138";"1141";"_shipping_address_index";"Muffin Endean  Jl penjara  Pontianak KB 78116 ID "
"1139";"1141";"_wc_order_attribution_source_type";"referral"
"1140";"1141";"_wc_order_attribution_referrer";"http://195.88.211.140:2082/"
"1141";"1141";"_wc_order_attribution_utm_source";"195.88.211.140"
"1142";"1141";"_wc_order_attribution_utm_medium";"referral"
"1143";"1141";"_wc_order_attribution_utm_content";"/"
"1144";"1141";"_wc_order_attribution_session_entry";"https://datamininguntan.my.id/"
"1145";"1141";"_wc_order_attribution_session_start_time";"2025-05-07 08:13:20"
"1146";"1141";"_wc_order_attribution_session_pages";"71"
"1147";"1141";"_wc_order_attribution_session_count";"5"
"1148";"1141";"_wc_order_attribution_user_agent";"Mozilla/5.0 (Windows NT 10.0; Win64; x64) AppleWebKit/537.36 (KHTML, like Gecko) Chrome/135.0.0.0 Safari/537.36"
"1149";"1141";"_wc_order_attribution_device_type";"Desktop"
"1150";"1142";"is_vat_exempt";"no"
"1151";"1142";"_billing_address_index";"Yolanda Ewenson  Jl. Rara Mendut  Yogyakarta YO 55161 ID yewenson12@yahoo.co.jp "
"1152";"1142";"_shipping_address_index";"Yolanda Ewenson  Jl. Rara Mendut  Yogyakarta YO 55161 ID "
"1153";"1142";"_wc_order_attribution_source_type";"typein"
"1154";"1142";"_wc_order_attribution_utm_source";"(direct)"
"1155";"1142";"_wc_order_attribution_session_entry";"https://datamininguntan.my.id/"
"1156";"1142";"_wc_order_attribution_session_start_time";"2025-05-10 06:00:27"
"1157";"1142";"_wc_order_attribution_session_pages";"30"
"1158";"1142";"_wc_order_attribution_session_count";"1"
"1159";"1142";"_wc_order_attribution_user_agent";"Mozilla/5.0 (Windows NT 10.0; Win64; x64) AppleWebKit/537.36 (KHTML, like Gecko) Chrome/136.0.0.0 Safari/537.36"
"1160";"1142";"_wc_order_attribution_device_type";"Desktop"
"1172";"1144";"is_vat_exempt";"no"
"1173";"1144";"_billing_address_index";"Jasmine Abrahamson  Jl sepakat 2  Pontianak KB 78124 ID jabrahamson3@ehow.com "
"1174";"1144";"_shipping_address_index";"Jasmine Abrahamson  Jl sepakat 2  Pontianak KB 78124 ID "
"1175";"1144";"_wc_order_attribution_source_type";"referral"
"1176";"1144";"_wc_order_attribution_referrer";"http://195.88.211.140:2082/"
"1177";"1144";"_wc_order_attribution_utm_source";"195.88.211.140"
"1178";"1144";"_wc_order_attribution_utm_medium";"referral"
"1179";"1144";"_wc_order_attribution_utm_content";"/"
"1180";"1144";"_wc_order_attribution_session_entry";"https://datamininguntan.my.id/"
"1181";"1144";"_wc_order_attribution_session_start_time";"2025-05-07 08:13:20"
"1182";"1144";"_wc_order_attribution_session_pages";"79"
"1183";"1144";"_wc_order_attribution_session_count";"5"
"1184";"1144";"_wc_order_attribution_user_agent";"Mozilla/5.0 (Windows NT 10.0; Win64; x64) AppleWebKit/537.36 (KHTML, like Gecko) Chrome/135.0.0.0 Safari/537.36"
"1185";"1144";"_wc_order_attribution_device_type";"Desktop"
"1186";"1145";"is_vat_exempt";"no"
"1187";"1145";"_billing_address_index";"Effie Guillain  Jl. Rawa Bebek  Jakarta JK 14310 ID eguillain13@utexas.edu "
"1188";"1145";"_shipping_address_index";"Effie Guillain  Jl. Rawa Bebek  Jakarta JK 14310 ID "
"1189";"1145";"_wc_order_attribution_source_type";"typein"
"1190";"1145";"_wc_order_attribution_utm_source";"(direct)"
"1191";"1145";"_wc_order_attribution_session_entry";"https://datamininguntan.my.id/"
"1192";"1145";"_wc_order_attribution_session_start_time";"2025-05-10 06:00:27"
"1193";"1145";"_wc_order_attribution_session_pages";"43"
"1194";"1145";"_wc_order_attribution_session_count";"1"
"1195";"1145";"_wc_order_attribution_user_agent";"Mozilla/5.0 (Windows NT 10.0; Win64; x64) AppleWebKit/537.36 (KHTML, like Gecko) Chrome/136.0.0.0 Safari/537.36"
"1196";"1145";"_wc_order_attribution_device_type";"Desktop"
"1197";"1146";"is_vat_exempt";"no"
"1198";"1146";"_billing_address_index";"Jacquelynn Propper  Jl sepakat 2 ujung  Pontianak KB 78124 ID jpropper4@wunderground.com "
"1199";"1146";"_shipping_address_index";"Jacquelynn Propper  Jl sepakat 2 ujung  Pontianak KB 78124 ID "
"1200";"1146";"_wc_order_attribution_source_type";"referral"
"1201";"1146";"_wc_order_attribution_referrer";"http://195.88.211.140:2082/"
"1202";"1146";"_wc_order_attribution_utm_source";"195.88.211.140"
"1203";"1146";"_wc_order_attribution_utm_medium";"referral"
"1204";"1146";"_wc_order_attribution_utm_content";"/"
"1205";"1146";"_wc_order_attribution_session_entry";"https://datamininguntan.my.id/"
"1206";"1146";"_wc_order_attribution_session_start_time";"2025-05-07 08:13:20"
"1207";"1146";"_wc_order_attribution_session_pages";"87"
"1208";"1146";"_wc_order_attribution_session_count";"5"
"1209";"1146";"_wc_order_attribution_user_agent";"Mozilla/5.0 (Windows NT 10.0; Win64; x64) AppleWebKit/537.36 (KHTML, like Gecko) Chrome/135.0.0.0 Safari/537.36"
"1210";"1146";"_wc_order_attribution_device_type";"Desktop"
"1211";"1147";"is_vat_exempt";"no"
"1212";"1147";"_billing_address_index";"Leupold Djekovic  Tanah Abang  Jakarta JK 10210 ID ldjekovic14@digg.com "
"1213";"1147";"_shipping_address_index";"Leupold Djekovic  Tanah Abang  Jakarta JK 10210 ID "
"1214";"1147";"_wc_order_attribution_source_type";"typein"
"1215";"1147";"_wc_order_attribution_utm_source";"(direct)"
"1216";"1147";"_wc_order_attribution_session_entry";"https://datamininguntan.my.id/"
"1217";"1147";"_wc_order_attribution_session_start_time";"2025-05-10 06:00:27"
"1218";"1147";"_wc_order_attribution_session_pages";"50"
"1219";"1147";"_wc_order_attribution_session_count";"1"
"1220";"1147";"_wc_order_attribution_user_agent";"Mozilla/5.0 (Windows NT 10.0; Win64; x64) AppleWebKit/537.36 (KHTML, like Gecko) Chrome/136.0.0.0 Safari/537.36"
"1221";"1147";"_wc_order_attribution_device_type";"Desktop"
"1222";"1148";"is_vat_exempt";"no"
"1223";"1148";"_billing_address_index";"Alixx Billet  jl padat karya  Pontianak KB 78124 ID abillett5@newsvine.com "
"1224";"1148";"_shipping_address_index";"Alixx Billet  jl padat karya  Pontianak KB 78124 ID "
"1225";"1148";"_wc_order_attribution_source_type";"referral"
"1226";"1148";"_wc_order_attribution_referrer";"http://195.88.211.140:2082/"
"1227";"1148";"_wc_order_attribution_utm_source";"195.88.211.140"
"1228";"1148";"_wc_order_attribution_utm_medium";"referral"
"1229";"1148";"_wc_order_attribution_utm_content";"/"
"1230";"1148";"_wc_order_attribution_session_entry";"https://datamininguntan.my.id/"
"1231";"1148";"_wc_order_attribution_session_start_time";"2025-05-07 08:13:20"
"1232";"1148";"_wc_order_attribution_session_pages";"98"
"1233";"1148";"_wc_order_attribution_session_count";"5"
"1234";"1148";"_wc_order_attribution_user_agent";"Mozilla/5.0 (Windows NT 10.0; Win64; x64) AppleWebKit/537.36 (KHTML, like Gecko) Chrome/135.0.0.0 Safari/537.36"
"1235";"1148";"_wc_order_attribution_device_type";"Desktop"
"1236";"1149";"is_vat_exempt";"no"
"1237";"1149";"_billing_address_index";"Clyde Licas  Setia Budi  Jakarta JK 12940 ID clicas15@hostgator.com "
"1238";"1149";"_shipping_address_index";"Clyde Licas  Setia Budi  Jakarta JK 12940 ID "
"1239";"1149";"_wc_order_attribution_source_type";"typein"
"1240";"1149";"_wc_order_attribution_utm_source";"(direct)"
"1241";"1149";"_wc_order_attribution_session_entry";"https://datamininguntan.my.id/"
"1242";"1149";"_wc_order_attribution_session_start_time";"2025-05-10 06:00:27"
"1243";"1149";"_wc_order_attribution_session_pages";"57"
"1244";"1149";"_wc_order_attribution_session_count";"1"
"1245";"1149";"_wc_order_attribution_user_agent";"Mozilla/5.0 (Windows NT 10.0; Win64; x64) AppleWebKit/537.36 (KHTML, like Gecko) Chrome/136.0.0.0 Safari/537.36"
"1246";"1149";"_wc_order_attribution_device_type";"Desktop"
"1247";"1152";"is_vat_exempt";"no"
"1248";"1152";"_billing_address_index";"Jacquie Cellier  Solo  Solo JT 57661 ID jcellier16@twitpic.com "
"1249";"1152";"_shipping_address_index";"Jacquie Cellier  Solo  Solo JT 57661 ID "
"1250";"1152";"_wc_order_attribution_source_type";"typein"
"1251";"1152";"_wc_order_attribution_utm_source";"(direct)"
"1252";"1152";"_wc_order_attribution_session_entry";"https://datamininguntan.my.id/"
"1253";"1152";"_wc_order_attribution_session_start_time";"2025-05-10 06:00:27"
"1254";"1152";"_wc_order_attribution_session_pages";"70"
"1255";"1152";"_wc_order_attribution_session_count";"1"
"1256";"1152";"_wc_order_attribution_user_agent";"Mozilla/5.0 (Windows NT 10.0; Win64; x64) AppleWebKit/537.36 (KHTML, like Gecko) Chrome/136.0.0.0 Safari/537.36"
"1257";"1152";"_wc_order_attribution_device_type";"Desktop"
"1258";"1153";"is_vat_exempt";"no"
"1259";"1153";"_billing_address_index";"Jaqcuelin Klaff  Jl reformasi  Pontianak KB 78124 ID jklaff6@phpbb.com "
"1260";"1153";"_shipping_address_index";"Jaqcuelin Klaff  Jl reformasi  Pontianak KB 78124 ID "
"1261";"1153";"_wc_order_attribution_source_type";"referral"
"1262";"1153";"_wc_order_attribution_referrer";"http://195.88.211.140:2082/"
"1263";"1153";"_wc_order_attribution_utm_source";"195.88.211.140"
"1264";"1153";"_wc_order_attribution_utm_medium";"referral"
"1265";"1153";"_wc_order_attribution_utm_content";"/"
"1266";"1153";"_wc_order_attribution_session_entry";"https://datamininguntan.my.id/"
"1267";"1153";"_wc_order_attribution_session_start_time";"2025-05-07 08:13:20"
"1268";"1153";"_wc_order_attribution_session_pages";"109"
"1269";"1153";"_wc_order_attribution_session_count";"5"
"1270";"1153";"_wc_order_attribution_user_agent";"Mozilla/5.0 (Windows NT 10.0; Win64; x64) AppleWebKit/537.36 (KHTML, like Gecko) Chrome/135.0.0.0 Safari/537.36"
"1271";"1153";"_wc_order_attribution_device_type";"Desktop"
"1272";"1154";"is_vat_exempt";"no"
"1273";"1154";"_billing_address_index";"Carita Eastmead  Magelang  Magelang JT 56152 ID ceastmead17@ft.com "
"1274";"1154";"_shipping_address_index";"Carita Eastmead  Magelang  Magelang JT 56152 ID "
"1275";"1154";"_wc_order_attribution_source_type";"typein"
"1276";"1154";"_wc_order_attribution_utm_source";"(direct)"
"1277";"1154";"_wc_order_attribution_session_entry";"https://datamininguntan.my.id/"
"1278";"1154";"_wc_order_attribution_session_start_time";"2025-05-10 06:00:27"
"1279";"1154";"_wc_order_attribution_session_pages";"79"
"1280";"1154";"_wc_order_attribution_session_count";"1"
"1281";"1154";"_wc_order_attribution_user_agent";"Mozilla/5.0 (Windows NT 10.0; Win64; x64) AppleWebKit/537.36 (KHTML, like Gecko) Chrome/136.0.0.0 Safari/537.36"
"1282";"1154";"_wc_order_attribution_device_type";"Desktop"
"1283";"1155";"is_vat_exempt";"no"
"1284";"1155";"_billing_address_index";"Libbey Windus  Magelang  Magelang JT 51652 ID lwindus18@aboutads.info "
"1285";"1155";"_shipping_address_index";"Libbey Windus  Magelang  Magelang JT 51652 ID "
"1286";"1155";"_wc_order_attribution_source_type";"typein"
"1287";"1155";"_wc_order_attribution_utm_source";"(direct)"
"1288";"1155";"_wc_order_attribution_session_entry";"https://datamininguntan.my.id/"
"1289";"1155";"_wc_order_attribution_session_start_time";"2025-05-10 06:00:27"
"1290";"1155";"_wc_order_attribution_session_pages";"86"
"1291";"1155";"_wc_order_attribution_session_count";"1"
"1292";"1155";"_wc_order_attribution_user_agent";"Mozilla/5.0 (Windows NT 10.0; Win64; x64) AppleWebKit/537.36 (KHTML, like Gecko) Chrome/136.0.0.0 Safari/537.36"
"1293";"1155";"_wc_order_attribution_device_type";"Desktop"
"1294";"1156";"is_vat_exempt";"no"
"1295";"1156";"_billing_address_index";"Dephine Arntzen  jl alianyang no 7  Pontianak KB 78116 ID darntzen7@weibo.com "
"1296";"1156";"_shipping_address_index";"Dephine Arntzen  jl alianyang no 7  Pontianak KB 78116 ID "
"1297";"1156";"_wc_order_attribution_source_type";"referral"
"1298";"1156";"_wc_order_attribution_referrer";"http://195.88.211.140:2082/"
"1299";"1156";"_wc_order_attribution_utm_source";"195.88.211.140"
"1300";"1156";"_wc_order_attribution_utm_medium";"referral"
"1301";"1156";"_wc_order_attribution_utm_content";"/"
"1302";"1156";"_wc_order_attribution_session_entry";"https://datamininguntan.my.id/"
"1303";"1156";"_wc_order_attribution_session_start_time";"2025-05-07 08:13:20"
"1304";"1156";"_wc_order_attribution_session_pages";"120"
"1305";"1156";"_wc_order_attribution_session_count";"5"
"1306";"1156";"_wc_order_attribution_user_agent";"Mozilla/5.0 (Windows NT 10.0; Win64; x64) AppleWebKit/537.36 (KHTML, like Gecko) Chrome/135.0.0.0 Safari/537.36"
"1307";"1156";"_wc_order_attribution_device_type";"Desktop"
"1308";"1157";"is_vat_exempt";"no"
"1309";"1157";"_billing_address_index";"Clarette Siddaley  Jl. Kesawan  Medan SU 20111 ID csiddaley19@sitemeter.com "
"1310";"1157";"_shipping_address_index";"Clarette Siddaley  Jl. Kesawan  Medan SU 20111 ID "
"1311";"1157";"_wc_order_attribution_source_type";"typein"
"1312";"1157";"_wc_order_attribution_utm_source";"(direct)"
"1313";"1157";"_wc_order_attribution_session_entry";"https://datamininguntan.my.id/"
"1314";"1157";"_wc_order_attribution_session_start_time";"2025-05-10 06:00:27"
"1315";"1157";"_wc_order_attribution_session_pages";"93"
"1316";"1157";"_wc_order_attribution_session_count";"1"
"1317";"1157";"_wc_order_attribution_user_agent";"Mozilla/5.0 (Windows NT 10.0; Win64; x64) AppleWebKit/537.36 (KHTML, like Gecko) Chrome/136.0.0.0 Safari/537.36"
"1318";"1157";"_wc_order_attribution_device_type";"Desktop"
"1319";"1158";"is_vat_exempt";"no"
"1320";"1158";"_billing_address_index";"Bethina Muston  Jl alianyang no 1  Pontianak KB 78116 ID bmuston2o@altervista.org "
"1321";"1158";"_shipping_address_index";"Bethina Muston  Jl alianyang no 1  Pontianak KB 78116 ID "
"1322";"1158";"_wc_order_attribution_source_type";"referral"
"1323";"1158";"_wc_order_attribution_referrer";"http://195.88.211.140:2082/"
"1324";"1158";"_wc_order_attribution_utm_source";"195.88.211.140"
"1325";"1158";"_wc_order_attribution_utm_medium";"referral"
"1326";"1158";"_wc_order_attribution_utm_content";"/"
"1327";"1158";"_wc_order_attribution_session_entry";"https://datamininguntan.my.id/"
"1328";"1158";"_wc_order_attribution_session_start_time";"2025-05-07 08:13:20"
"1329";"1158";"_wc_order_attribution_session_pages";"127"
"1330";"1158";"_wc_order_attribution_session_count";"5"
"1331";"1158";"_wc_order_attribution_user_agent";"Mozilla/5.0 (Windows NT 10.0; Win64; x64) AppleWebKit/537.36 (KHTML, like Gecko) Chrome/135.0.0.0 Safari/537.36"
"1332";"1158";"_wc_order_attribution_device_type";"Desktop"
